{"cameraMode":{"drawMode":0,"name":"Shaded","section":"Shading Mode"},"sceneLighting":true,"audioPlay":false,"sceneViewState":{"showFog":true,"showMaterialUpdate":true,"showSkybox":true,"showFlares":true,"showImageEffects":true,"showParticleSystems":true},"in2DMode":false,"pivot":{"x":-18.919620513916017,"y":-44.440643310546878,"z":64.55738830566406},"rotation":{"x":0.2845347225666046,"y":-0.16115711629390717,"z":0.04856514930725098,"w":0.9437993168830872},"size":58.643455505371097,"orthographic":false}