{"cameraMode":{"drawMode":0,"name":"Shaded","section":"Shading Mode"},"sceneLighting":true,"audioPlay":false,"sceneViewState":{"showFog":true,"showMaterialUpdate":true,"showSkybox":true,"showFlares":true,"showImageEffects":true,"showParticleSystems":true},"in2DMode":false,"pivot":{"x":-0.891536295413971,"y":-8.819171905517579,"z":23.116069793701173},"rotation":{"x":0.1689978390932083,"y":-0.002582358196377754,"z":0.0004135078052058816,"w":0.9856341481208801},"size":19.65608024597168,"orthographic":false}