{"cameraMode":{"drawMode":0,"name":"Shaded","section":"Shading Mode"},"sceneLighting":true,"audioPlay":false,"sceneViewState":{"showFog":true,"showMaterialUpdate":true,"showSkybox":true,"showFlares":true,"showImageEffects":true,"showParticleSystems":true},"in2DMode":false,"pivot":{"x":-4.07961893081665,"y":1.6240134239196778,"z":43.88299560546875},"rotation":{"x":0.05263553187251091,"y":-0.07593867182731629,"z":0.00398654118180275,"w":0.995735228061676},"size":31.49493408203125,"orthographic":false}