{"cameraMode":{"drawMode":0,"name":"Shaded","section":"Shading Mode"},"sceneLighting":true,"audioPlay":false,"sceneViewState":{"showFog":true,"showMaterialUpdate":true,"showSkybox":true,"showFlares":true,"showImageEffects":true,"showParticleSystems":true},"in2DMode":false,"pivot":{"x":129.10772705078126,"y":-30.53013038635254,"z":79.56859588623047},"rotation":{"x":0.24602626264095307,"y":-0.05579516664147377,"z":0.014187394641339779,"w":0.9675529599189758},"size":55.2647705078125,"orthographic":false}