{"cameraMode":{"drawMode":0,"name":"Shaded","section":"Shading Mode"},"sceneLighting":false,"audioPlay":false,"sceneViewState":{"showFog":true,"showMaterialUpdate":true,"showSkybox":false,"showFlares":true,"showImageEffects":true,"showParticleSystems":true},"in2DMode":false,"pivot":{"x":23.094329833984376,"y":49.730743408203128,"z":-71.92007446289063},"rotation":{"x":-0.35236814618110659,"y":0.38805487751960757,"z":-0.1636103242635727,"w":-0.8357569575309753},"size":0.8660253882408142,"orthographic":false}