{"cameraMode":{"drawMode":0,"name":"Shaded","section":"Shading Mode"},"sceneLighting":false,"audioPlay":false,"sceneViewState":{"showFog":true,"showMaterialUpdate":true,"showSkybox":false,"showFlares":true,"showImageEffects":true,"showParticleSystems":true},"in2DMode":false,"pivot":{"x":-0.8294676542282105,"y":0.3708481788635254,"z":-0.34603309631347659},"rotation":{"x":0.325452983379364,"y":0.13027958571910859,"z":-0.045344073325395587,"w":0.9354672431945801},"size":3.475501775741577,"orthographic":false}