{"cameraMode":{"drawMode":0,"name":"Shaded","section":"Shading Mode"},"sceneLighting":true,"audioPlay":false,"sceneViewState":{"showFog":true,"showMaterialUpdate":true,"showSkybox":true,"showFlares":true,"showImageEffects":true,"showParticleSystems":true},"in2DMode":false,"pivot":{"x":52.28782272338867,"y":1.145817756652832,"z":37.56302261352539},"rotation":{"x":0.19115778803825379,"y":-0.5871073007583618,"z":0.14516828954219819,"w":0.7731043696403503},"size":24.24633026123047,"orthographic":false}