{"cameraMode":{"drawMode":0,"name":"Shaded","section":"Shading Mode"},"sceneLighting":true,"audioPlay":false,"sceneViewState":{"showFog":true,"showMaterialUpdate":true,"showSkybox":true,"showFlares":true,"showImageEffects":true,"showParticleSystems":true},"in2DMode":false,"pivot":{"x":38.26814270019531,"y":-34.60000991821289,"z":82.29155731201172},"rotation":{"x":0.23998582363128663,"y":-0.018928708508610727,"z":0.004680296406149864,"w":0.9705807566642761},"size":66.94837951660156,"orthographic":false}