{"cameraMode":{"drawMode":0,"name":"Shaded","section":"Shading Mode"},"sceneLighting":true,"audioPlay":false,"sceneViewState":{"showFog":true,"showMaterialUpdate":true,"showSkybox":true,"showFlares":true,"showImageEffects":true,"showParticleSystems":true},"in2DMode":false,"pivot":{"x":65.66207122802735,"y":-41.35964584350586,"z":85.74508666992188},"rotation":{"x":0.26167771220207217,"y":0.0711463987827301,"z":-0.019346116110682489,"w":0.9623351097106934},"size":59.197017669677737,"orthographic":false}