{"cameraMode":{"drawMode":0,"name":"Shaded","section":"Shading Mode"},"sceneLighting":true,"audioPlay":false,"sceneViewState":{"showFog":true,"showMaterialUpdate":true,"showSkybox":true,"showFlares":true,"showImageEffects":true,"showParticleSystems":true},"in2DMode":false,"pivot":{"x":20.76215934753418,"y":-126.44708251953125,"z":192.5579833984375},"rotation":{"x":0.3406302332878113,"y":0.059531476348638538,"z":-0.021640608087182046,"w":0.9380859136581421},"size":134.88743591308595,"orthographic":false}