{"cameraMode":{"drawMode":0,"name":"Shaded","section":"Shading Mode"},"sceneLighting":false,"audioPlay":false,"sceneViewState":{"showFog":true,"showMaterialUpdate":true,"showSkybox":false,"showFlares":true,"showImageEffects":true,"showParticleSystems":true},"in2DMode":false,"pivot":{"x":-0.15118709206581117,"y":1.1195482015609742,"z":38.83844757080078},"rotation":{"x":0.10713352262973786,"y":-0.03280451521277428,"z":0.003537003183737397,"w":0.9936997294425964},"size":3.754876136779785,"orthographic":false}