{"cameraMode":{"drawMode":0,"name":"Shaded","section":"Shading Mode"},"sceneLighting":false,"audioPlay":false,"sceneViewState":{"showFog":true,"showMaterialUpdate":true,"showSkybox":false,"showFlares":true,"showImageEffects":true,"showParticleSystems":true},"in2DMode":false,"pivot":{"x":-0.4105548858642578,"y":1.7036144733428956,"z":-1.1299998760223389},"rotation":{"x":0.1720649152994156,"y":0.07233240455389023,"z":-0.012669332325458527,"w":0.9823467135429382},"size":7.861969470977783,"orthographic":false}