{"cameraMode":{"drawMode":0,"name":"Shaded","section":"Shading Mode"},"sceneLighting":true,"audioPlay":false,"sceneViewState":{"showFog":true,"showMaterialUpdate":true,"showSkybox":true,"showFlares":true,"showImageEffects":true,"showParticleSystems":true},"in2DMode":false,"pivot":{"x":0.6227213740348816,"y":-0.06454968452453613,"z":-4.282524108886719},"rotation":{"x":-0.007073719520121813,"y":-0.9861485958099365,"z":0.15996424853801728,"w":-0.04373614117503166},"size":3.881194829940796,"orthographic":false}