{"cameraMode":{"drawMode":0,"name":"Shaded","section":"Shading Mode"},"sceneLighting":true,"audioPlay":false,"sceneViewState":{"showFog":true,"showMaterialUpdate":true,"showSkybox":true,"showFlares":true,"showImageEffects":true,"showParticleSystems":true},"in2DMode":false,"pivot":{"x":-2.413919687271118,"y":-3.229539394378662,"z":9.977904319763184},"rotation":{"x":0.19376569986343385,"y":-0.002943129278719425,"z":0.0005812931340187788,"w":0.9810433983802795},"size":10.666966438293457,"orthographic":false}